researcher_id;project_id
50;14
58;7
195;65
68;75
26;95
156;87
53;74
92;40
142;5
58;88
142;11
174;29
32;100
112;9
14;98
188;73
88;100
119;68
32;97
1;57
50;38
158;83
110;40
140;20
67;71
16;46
167;81
124;2
112;82
164;81
39;75
192;61
179;95
49;38
156;81
127;67
43;14
11;38
32;13
172;23
164;91
166;74
6;57
124;69
149;81
152;51
27;94
180;33
160;38
166;97
42;12
96;12
113;79
25;19
61;59
44;43
78;72
61;11
150;40
92;38
143;78
122;42
45;49
78;4
53;78
142;65
23;69
103;7
158;74
102;86
172;88
146;78
42;74
195;39
144;75
79;61
179;65
198;49
146;15
88;31
115;30
175;94
165;76
67;82
114;6
74;46
42;76
4;14
1;85
172;92
6;92
30;9
176;77
130;62
40;22
111;62
41;40
43;52
200;3
105;80
36;58
156;99
37;26
200;18
129;86
41;19
160;18
156;6
170;64
183;46
25;66
123;72
199;72
87;25
112;95
32;84
117;49
38;53
108;44
102;90
93;6
194;78
136;79
113;13
112;92
80;17
96;20
127;17
154;52
149;20
142;4
48;56
188;97
35;58
146;12
16;15
167;12
200;38
61;1
36;21
68;44
166;47
113;66
34;3
168;24
97;64
87;61
73;17
84;88
80;96
153;55
194;41
114;95
54;99
27;43
118;82
96;64
29;98
82;66
184;21
90;97
75;59
200;73
97;87
155;50
56;47
107;36
64;33
134;77
200;62
152;56
9;26
48;65
131;82
172;50
179;32
181;11
74;20
181;24
173;57
130;37
55;36
5;1
26;36
46;78
133;8
111;15
38;76
97;19
12;59
56;95
62;32
64;80
180;68
192;82
59;8
187;8
110;31
130;8
89;79
147;22
45;65
150;46
17;4
198;40
198;50
143;56
165;43
156;3
63;41
145;98
158;35
160;34
43;61
57;47
141;9
68;92
2;47
187;83
53;93
150;37
88;68
97;13
17;90
181;16
50;13
200;98
70;21
55;28
177;17
18;57
95;4
92;81
154;20
72;88
193;97
10;19
28;11
54;35
55;71
12;35
147;73
153;46
129;9
121;17
112;73
23;55
149;12
148;92
187;22
54;21
152;84
20;69
134;91
103;41
157;21
141;56
198;21
198;26
50;21
86;15
89;46
99;52
78;83
188;80
99;40
180;34
29;44
146;64
168;75
143;25
194;14
80;87
120;54
9;25
62;11
198;1
42;65
85;39
42;53
99;62
196;5
98;81
159;89
12;47
23;8
44;11
172;66
143;42
62;28
77;1
151;91
33;89
73;51
177;10
154;4
120;6
123;86
149;78
1;76
27;90
119;55
131;4
64;10
49;10
22;61
194;24
23;52
183;12
40;61
4;43
36;93
32;80
162;70
172;27
54;5
105;82
89;15
70;57
10;11
188;28
148;48
11;78
71;32
86;92
14;10
30;26
62;7
198;44
55;70
11;3
174;46
56;28
100;96
36;80
64;72
160;24
142;42
126;7
7;6
16;55
119;58
106;36
54;10
73;72
30;99
179;59
75;65
22;18
165;50
104;5
85;92
132;63
71;51
74;62
108;58
67;73
33;31
163;98
44;62
36;59
144;1
112;84
117;35
105;44
101;58
31;67
5;6
125;1
105;50
33;91
190;6
20;37
108;33
106;75
5;40
135;11
24;92
15;93
101;6
170;25
78;66
141;20
120;32
62;9
13;25
124;45
72;85
132;58
177;73
53;28
23;2
118;47
126;70
147;75
113;45
165;72
33;80
159;32
152;9
6;45
127;37
119;73
120;28
63;94
63;52
63;85
104;48
128;59
15;2
118;17
145;80
8;56
112;52
168;73
186;9
26;41
60;51
172;91
192;37
177;12
101;92
69;15
43;70
93;3
199;12
82;4
134;72
80;98
185;67
174;73
185;17
9;57
25;4
122;88
104;33
122;50
147;52
65;97
147;87
154;30
189;8
187;63
23;50
147;47
89;47
15;48
133;92
72;99
32;10
162;97
144;90
13;20
33;40
129;10
110;2
109;41
27;45
115;29
82;51
152;66
27;67
159;83
49;35
97;69
8;45
160;13
48;5
176;56
106;91
120;20
83;17
10;53
66;31
94;92
41;3
70;73
86;76
62;69
26;66
102;40
81;71
69;35
154;96
77;99
97;1
99;17
48;64
94;63
71;30
115;60
156;25
198;99
58;84
162;24
119;27
20;96
